Domain Code,Domain,Area Code (M49),Area,Element Code,Element,Item Code (SDG),Item,Year Code,Year,Unit,Value,Flag,Flag Description,Note
SDGB,SDG Indicators,4,Afghanistan,6121,Value,SN_ITK_DEFC,2.1.1 Prevalence of undernourishment (%),2019,2019,%,25.6,_,,"Global | FAO, Statistics Division | Estimates are based on projected values | Estimated data | 2018-2020"
SDGB,SDG Indicators,248,Åland Islands,6121,Value,SN_ITK_DEFC,2.1.1 Prevalence of undernourishment (%),2019,2019,%,NaN,_,,"Global | FAO, Statistics Division | Estimates are based on projected values | Estimated data | 2018-2020"
SDGB,SDG Indicators,8,Albania,6121,Value,SN_ITK_DEFC,2.1.1 Prevalence of undernourishment (%),2019,2019,%,3.9,_,,"Global | FAO, Statistics Division | Estimates are based on projected values | Estimated data | 2018-2020"
SDGB,SDG Indicators,12,Algeria,6121,Value,SN_ITK_DEFC,2.1.1 Prevalence of undernourishment (%),2019,2019,%,2.5,_,,"Global | FAO, Statistics Division | Estimates are based on projected values | Estimated data | 2018-2020"
SDGB,SDG Indicators,16,American Samoa,6121,Value,SN_ITK_DEFC,2.1.1 Prevalence of undernourishment (%),2019,2019,%,NaN,_,,"Global | FAO, Statistics Division | Estimates are based on projected values | Estimated data | 2018-2020"
SDGB,SDG Indicators,20,Andorra,6121,Value,SN_ITK_DEFC,2.1.1 Prevalence of undernourishment (%),2019,2019,%,NaN,_,,"Global | FAO, Statistics Division | Estimates are based on projected values | Estimated data | 2018-2020"
SDGB,SDG Indicators,24,Angola,6121,Value,SN_ITK_DEFC,2.1.1 Prevalence of undernourishment (%),2019,2019,%,17.3,_,,"Global | FAO, Statistics Division | Estimates are based on projected values | Estimated data | 2018-2020"
SDGB,SDG Indicators,660,Anguilla,6121,Value,SN_ITK_DEFC,2.1.1 Prevalence of undernourishment (%),2019,2019,%,NaN,_,,"Global | FAO, Statistics Division | Estimates are based on projected values | Estimated data | 2018-2020"
SDGB,SDG Indicators,28,Antigua and Barbuda,6121,Value,SN_ITK_DEFC,2.1.1 Prevalence of undernourishment (%),2019,2019,%,NaN,_,,"Global | FAO, Statistics Division | Estimates are based on projected values | Estimated data | 2018-2020"
SDGB,SDG Indicators,32,Argentina,6121,Value,SN_ITK_DEFC,2.1.1 Prevalence of undernourishment (%),2019,2019,%,3.9,_,,"Global | FAO, Statistics Division | Estimates are based on projected values | Estimated data | 2018-2020"
SDGB,SDG Indicators,51,Armenia,6121,Value,SN_ITK_DEFC,2.1.1 Prevalence of undernourishment (%),2019,2019,%,3.4,_,,"Global | FAO, Statistics Division | Estimates are based on projected values | Estimated data | 2018-2020"
SDGB,SDG Indicators,533,Aruba,6121,Value,SN_ITK_DEFC,2.1.1 Prevalence of undernourishment (%),2019,2019,%,NaN,_,,"Global | FAO, Statistics Division | Estimates are based on projected values | Estimated data | 2018-2020"
SDGB,SDG Indicators,36,Australia,6121,Value,SN_ITK_DEFC,2.1.1 Prevalence of undernourishment (%),2019,2019,%,2.5,_,,"Global | FAO, Statistics Division | Estimates are based on projected values | Estimated data | 2018-2020"
SDGB,SDG Indicators,40,Austria,6121,Value,SN_ITK_DEFC,2.1.1 Prevalence of undernourishment (%),2019,2019,%,2.5,_,,"Global | FAO, Statistics Division | Estimates are based on projected values | Estimated data | 2018-2020"
SDGB,SDG Indicators,31,Azerbaijan,6121,Value,SN_ITK_DEFC,2.1.1 Prevalence of undernourishment (%),2019,2019,%,2.3,_,,"Global | FAO, Statistics Division | Estimates are based on projected values | Estimated data | 2018-2020"
SDGB,SDG Indicators,44,Bahamas,6121,Value,SN_ITK_DEFC,2.1.1 Prevalence of undernourishment (%),2019,2019,%,NaN,_,,"Global | FAO, Statistics Division | Estimates are based on projected values | Estimated data | 2018-2020"
SDGB,SDG Indicators,48,Bahrain,6121,Value,SN_ITK_DEFC,2.1.1 Prevalence of undernourishment (%),2019,2019,%,NaN,_,,"Global | FAO, Statistics Division | Estimates are based on projected values | Estimated data | 2018-2020"
SDGB,SDG Indicators,50,Bangladesh,6121,Value,SN_ITK_DEFC,2.1.1 Prevalence of undernourishment (%),2019,2019,%,9.7,_,,"Global | FAO, Statistics Division | Estimates are based on projected values | Estimated data | 2018-2020"
SDGB,SDG Indicators,52,Barbados,6121,Value,SN_ITK_DEFC,2.1.1 Prevalence of undernourishment (%),2019,2019,%,4.1,_,,"Global | FAO, Statistics Division | Estimates are based on projected values | Estimated data | 2018-2020"
SDGB,SDG Indicators,112,Belarus,6121,Value,SN_ITK_DEFC,2.1.1 Prevalence of undernourishment (%),2019,2019,%,2.5,_,,"Global | FAO, Statistics Division | Estimates are based on projected values | Estimated data | 2018-2020"
SDGB,SDG Indicators,56,Belgium,6121,Value,SN_ITK_DEFC,2.1.1 Prevalence of undernourishment (%),2019,2019,%,2.5,_,,"Global | FAO, Statistics Division | Estimates are based on projected values | Estimated data | 2018-2020"
SDGB,SDG Indicators,84,Belize,6121,Value,SN_ITK_DEFC,2.1.1 Prevalence of undernourishment (%),2019,2019,%,5.9,_,,"Global | FAO, Statistics Division | Estimates are based on projected values | Estimated data | 2018-2020"
SDGB,SDG Indicators,204,Benin,6121,Value,SN_ITK_DEFC,2.1.1 Prevalence of undernourishment (%),2019,2019,%,7.6,_,,"Global | FAO, Statistics Division | Estimates are based on projected values | Estimated data | 2018-2020"
SDGB,SDG Indicators,60,Bermuda,6121,Value,SN_ITK_DEFC,2.1.1 Prevalence of undernourishment (%),2019,2019,%,NaN,_,,"Global | FAO, Statistics Division | Estimates are based on projected values | Estimated data | 2018-2020"
SDGB,SDG Indicators,64,Bhutan,6121,Value,SN_ITK_DEFC,2.1.1 Prevalence of undernourishment (%),2019,2019,%,NaN,_,,"Global | FAO, Statistics Division | Estimates are based on projected values | Estimated data | 2018-2020"
SDGB,SDG Indicators,68,Bolivia (Plurinational State of),6121,Value,SN_ITK_DEFC,2.1.1 Prevalence of undernourishment (%),2019,2019,%,12.6,_,,"Global | FAO, Statistics Division | Estimates are based on projected values | Estimated data | 2018-2020"
SDGB,SDG Indicators,535,"Bonaire, Sint Eustatius and Saba",6121,Value,SN_ITK_DEFC,2.1.1 Prevalence of undernourishment (%),2019,2019,%,,_,,"Global | FAO, Statistics Division | Estimates are based on projected values | Estimated data | 2018-2020"
SDGB,SDG Indicators,70,Bosnia and Herzegovina,6121,Value,SN_ITK_DEFC,2.1.1 Prevalence of undernourishment (%),2019,2019,%,2.5,_,,"Global | FAO, Statistics Division | Estimates are based on projected values | Estimated data | 2018-2020"
SDGB,SDG Indicators,72,Botswana,6121,Value,SN_ITK_DEFC,2.1.1 Prevalence of undernourishment (%),2019,2019,%,29.3,_,,"Global | FAO, Statistics Division | Estimates are based on projected values | Estimated data | 2018-2020"
SDGB,SDG Indicators,76,Brazil,6121,Value,SN_ITK_DEFC,2.1.1 Prevalence of undernourishment (%),2019,2019,%,2.5,_,,"Global | FAO, Statistics Division | Estimates are based on projected values | Estimated data | 2018-2020"
SDGB,SDG Indicators,92,British Virgin Islands,6121,Value,SN_ITK_DEFC,2.1.1 Prevalence of undernourishment (%),2019,2019,%,NaN,_,,"Global | FAO, Statistics Division | Estimates are based on projected values | Estimated data | 2018-2020"
SDGB,SDG Indicators,96,Brunei Darussalam,6121,Value,SN_ITK_DEFC,2.1.1 Prevalence of undernourishment (%),2019,2019,%,2.5,_,,"Global | FAO, Statistics Division | Estimates are based on projected values | Estimated data | 2018-2020"
SDGB,SDG Indicators,100,Bulgaria,6121,Value,SN_ITK_DEFC,2.1.1 Prevalence of undernourishment (%),2019,2019,%,3,_,,"Global | FAO, Statistics Division | Estimates are based on projected values | Estimated data | 2018-2020"
SDGB,SDG Indicators,854,Burkina Faso,6121,Value,SN_ITK_DEFC,2.1.1 Prevalence of undernourishment (%),2019,2019,%,14.4,_,,"Global | FAO, Statistics Division | Estimates are based on projected values | Estimated data | 2018-2020"
SDGB,SDG Indicators,108,Burundi,6121,Value,SN_ITK_DEFC,2.1.1 Prevalence of undernourishment (%),2019,2019,%,NaN,_,,"Global | FAO, Statistics Division | Estimates are based on projected values | Estimated data | 2018-2020"
SDGB,SDG Indicators,132,Cabo Verde,6121,Value,SN_ITK_DEFC,2.1.1 Prevalence of undernourishment (%),2019,2019,%,15.4,_,,"Global | FAO, Statistics Division | Estimates are based on projected values | Estimated data | 2018-2020"
SDGB,SDG Indicators,116,Cambodia,6121,Value,SN_ITK_DEFC,2.1.1 Prevalence of undernourishment (%),2019,2019,%,6.2,_,,"Global | FAO, Statistics Division | Estimates are based on projected values | Estimated data | 2018-2020"
SDGB,SDG Indicators,120,Cameroon,6121,Value,SN_ITK_DEFC,2.1.1 Prevalence of undernourishment (%),2019,2019,%,5.3,_,,"Global | FAO, Statistics Division | Estimates are based on projected values | Estimated data | 2018-2020"
SDGB,SDG Indicators,124,Canada,6121,Value,SN_ITK_DEFC,2.1.1 Prevalence of undernourishment (%),2019,2019,%,2.5,_,,"Global | FAO, Statistics Division | Estimates are based on projected values | Estimated data | 2018-2020"
SDGB,SDG Indicators,136,Cayman Islands,6121,Value,SN_ITK_DEFC,2.1.1 Prevalence of undernourishment (%),2019,2019,%,NaN,_,,"Global | FAO, Statistics Division | Estimates are based on projected values | Estimated data | 2018-2020"
SDGB,SDG Indicators,140,Central African Republic,6121,Value,SN_ITK_DEFC,2.1.1 Prevalence of undernourishment (%),2019,2019,%,48.2,_,,"Global | FAO, Statistics Division | Estimates are based on projected values | Estimated data | 2018-2020"
SDGB,SDG Indicators,148,Chad,6121,Value,SN_ITK_DEFC,2.1.1 Prevalence of undernourishment (%),2019,2019,%,31.7,_,,"Global | FAO, Statistics Division | Estimates are based on projected values | Estimated data | 2018-2020"
SDGB,SDG Indicators,86,Chagos Archipelago,6121,Value,SN_ITK_DEFC,2.1.1 Prevalence of undernourishment (%),2019,2019,%,NaN,_,,"Global | FAO, Statistics Division | Estimates are based on projected values | Estimated data | 2018-2020"
SDGB,SDG Indicators,830,Channel Islands,6121,Value,SN_ITK_DEFC,2.1.1 Prevalence of undernourishment (%),2019,2019,%,NaN,_,,"Global | FAO, Statistics Division | Estimates are based on projected values | Estimated data | 2018-2020"
SDGB,SDG Indicators,152,Chile,6121,Value,SN_ITK_DEFC,2.1.1 Prevalence of undernourishment (%),2019,2019,%,3.4,_,,"Global | FAO, Statistics Division | Estimates are based on projected values | Estimated data | 2018-2020"
SDGB,SDG Indicators,344,"China, Hong Kong SAR",6121,Value,SN_ITK_DEFC,2.1.1 Prevalence of undernourishment (%),2019,2019,%,2.5,_,,"Global | FAO, Statistics Division | Estimates are based on projected values | Estimated data | 2018-2020"
SDGB,SDG Indicators,446,"China, Macao SAR",6121,Value,SN_ITK_DEFC,2.1.1 Prevalence of undernourishment (%),2019,2019,%,4.3,_,,"Global | FAO, Statistics Division | Estimates are based on projected values | Estimated data | 2018-2020"
SDGB,SDG Indicators,156,"China, mainland",6121,Value,SN_ITK_DEFC,2.1.1 Prevalence of undernourishment (%),2019,2019,%,2.5,_,,"Global | FAO, Statistics Division | Estimates are based on projected values | Estimated data | 2018-2020"
SDGB,SDG Indicators,162,Christmas Island,6121,Value,SN_ITK_DEFC,2.1.1 Prevalence of undernourishment (%),2019,2019,%,NaN,_,,"Global | FAO, Statistics Division | Estimates are based on projected values | Estimated data | 2018-2020"
SDGB,SDG Indicators,166,Cocos (Keeling) Islands,6121,Value,SN_ITK_DEFC,2.1.1 Prevalence of undernourishment (%),2019,2019,%,NaN,_,,"Global | FAO, Statistics Division | Estimates are based on projected values | Estimated data | 2018-2020"
SDGB,SDG Indicators,170,Colombia,6121,Value,SN_ITK_DEFC,2.1.1 Prevalence of undernourishment (%),2019,2019,%,8.8,_,,"Global | FAO, Statistics Division | Estimates are based on projected values | Estimated data | 2018-2020"
SDGB,SDG Indicators,174,Comoros,6121,Value,SN_ITK_DEFC,2.1.1 Prevalence of undernourishment (%),2019,2019,%,NaN,_,,"Global | FAO, Statistics Division | Estimates are based on projected values | Estimated data | 2018-2020"
SDGB,SDG Indicators,178,Congo,6121,Value,SN_ITK_DEFC,2.1.1 Prevalence of undernourishment (%),2019,2019,%,37.7,_,,"Global | FAO, Statistics Division | Estimates are based on projected values | Estimated data | 2018-2020"
SDGB,SDG Indicators,184,Cook Islands,6121,Value,SN_ITK_DEFC,2.1.1 Prevalence of undernourishment (%),2019,2019,%,NaN,_,,"Global | FAO, Statistics Division | Estimates are based on projected values | Estimated data | 2018-2020"
SDGB,SDG Indicators,188,Costa Rica,6121,Value,SN_ITK_DEFC,2.1.1 Prevalence of undernourishment (%),2019,2019,%,3.1,_,,"Global | FAO, Statistics Division | Estimates are based on projected values | Estimated data | 2018-2020"
SDGB,SDG Indicators,384,Côte d'Ivoire,6121,Value,SN_ITK_DEFC,2.1.1 Prevalence of undernourishment (%),2019,2019,%,14.9,_,,"Global | FAO, Statistics Division | Estimates are based on projected values | Estimated data | 2018-2020"
SDGB,SDG Indicators,191,Croatia,6121,Value,SN_ITK_DEFC,2.1.1 Prevalence of undernourishment (%),2019,2019,%,2.5,_,,"Global | FAO, Statistics Division | Estimates are based on projected values | Estimated data | 2018-2020"
SDGB,SDG Indicators,192,Cuba,6121,Value,SN_ITK_DEFC,2.1.1 Prevalence of undernourishment (%),2019,2019,%,2.5,_,,"Global | FAO, Statistics Division | Estimates are based on projected values | Estimated data | 2018-2020"
SDGB,SDG Indicators,531,Curaçao,6121,Value,SN_ITK_DEFC,2.1.1 Prevalence of undernourishment (%),2019,2019,%,NaN,_,,"Global | FAO, Statistics Division | Estimates are based on projected values | Estimated data | 2018-2020"
SDGB,SDG Indicators,196,Cyprus,6121,Value,SN_ITK_DEFC,2.1.1 Prevalence of undernourishment (%),2019,2019,%,2.5,_,,"Global | FAO, Statistics Division | Estimates are based on projected values | Estimated data | 2018-2020"
SDGB,SDG Indicators,203,Czechia,6121,Value,SN_ITK_DEFC,2.1.1 Prevalence of undernourishment (%),2019,2019,%,2.5,_,,"Global | FAO, Statistics Division | Estimates are based on projected values | Estimated data | 2018-2020"
SDGB,SDG Indicators,408,Democratic People's Republic of Korea,6121,Value,SN_ITK_DEFC,2.1.1 Prevalence of undernourishment (%),2019,2019,%,42.4,_,,"Global | FAO, Statistics Division | Estimates are based on projected values | Estimated data | 2018-2020"
SDGB,SDG Indicators,180,Democratic Republic of the Congo,6121,Value,SN_ITK_DEFC,2.1.1 Prevalence of undernourishment (%),2019,2019,%,41.7,_,,"Global | FAO, Statistics Division | Estimates are based on projected values | Estimated data | 2018-2020"
SDGB,SDG Indicators,208,Denmark,6121,Value,SN_ITK_DEFC,2.1.1 Prevalence of undernourishment (%),2019,2019,%,2.5,_,,"Global | FAO, Statistics Division | Estimates are based on projected values | Estimated data | 2018-2020"
SDGB,SDG Indicators,262,Djibouti,6121,Value,SN_ITK_DEFC,2.1.1 Prevalence of undernourishment (%),2019,2019,%,16.2,_,,"Global | FAO, Statistics Division | Estimates are based on projected values | Estimated data | 2018-2020"
SDGB,SDG Indicators,212,Dominica,6121,Value,SN_ITK_DEFC,2.1.1 Prevalence of undernourishment (%),2019,2019,%,5.6,_,,"Global | FAO, Statistics Division | Estimates are based on projected values | Estimated data | 2018-2020"
SDGB,SDG Indicators,214,Dominican Republic,6121,Value,SN_ITK_DEFC,2.1.1 Prevalence of undernourishment (%),2019,2019,%,8.3,_,,"Global | FAO, Statistics Division | Estimates are based on projected values | Estimated data | 2018-2020"
SDGB,SDG Indicators,218,Ecuador,6121,Value,SN_ITK_DEFC,2.1.1 Prevalence of undernourishment (%),2019,2019,%,12.4,_,,"Global | FAO, Statistics Division | Estimates are based on projected values | Estimated data | 2018-2020"
SDGB,SDG Indicators,818,Egypt,6121,Value,SN_ITK_DEFC,2.1.1 Prevalence of undernourishment (%),2019,2019,%,5.4,_,,"Global | FAO, Statistics Division | Estimates are based on projected values | Estimated data | 2018-2020"
SDGB,SDG Indicators,222,El Salvador,6121,Value,SN_ITK_DEFC,2.1.1 Prevalence of undernourishment (%),2019,2019,%,8.5,_,,"Global | FAO, Statistics Division | Estimates are based on projected values | Estimated data | 2018-2020"
SDGB,SDG Indicators,226,Equatorial Guinea,6121,Value,SN_ITK_DEFC,2.1.1 Prevalence of undernourishment (%),2019,2019,%,NaN,_,,"Global | FAO, Statistics Division | Estimates are based on projected values | Estimated data | 2018-2020"
SDGB,SDG Indicators,232,Eritrea,6121,Value,SN_ITK_DEFC,2.1.1 Prevalence of undernourishment (%),2019,2019,%,NaN,_,,"Global | FAO, Statistics Division | Estimates are based on projected values | Estimated data | 2018-2020"
SDGB,SDG Indicators,233,Estonia,6121,Value,SN_ITK_DEFC,2.1.1 Prevalence of undernourishment (%),2019,2019,%,2.5,_,,"Global | FAO, Statistics Division | Estimates are based on projected values | Estimated data | 2018-2020"
SDGB,SDG Indicators,748,Eswatini,6121,Value,SN_ITK_DEFC,2.1.1 Prevalence of undernourishment (%),2019,2019,%,11.6,_,,"Global | FAO, Statistics Division | Estimates are based on projected values | Estimated data | 2018-2020"
SDGB,SDG Indicators,231,Ethiopia,6121,Value,SN_ITK_DEFC,2.1.1 Prevalence of undernourishment (%),2019,2019,%,16.2,_,,"Global | FAO, Statistics Division | Estimates are based on projected values | Estimated data | 2018-2020"
SDGB,SDG Indicators,238,Falkland Islands (Malvinas),6121,Value,SN_ITK_DEFC,2.1.1 Prevalence of undernourishment (%),2019,2019,%,NaN,_,,"Global | FAO, Statistics Division | Estimates are based on projected values | Estimated data | 2018-2020"
SDGB,SDG Indicators,234,Faroe Islands,6121,Value,SN_ITK_DEFC,2.1.1 Prevalence of undernourishment (%),2019,2019,%,NaN,_,,"Global | FAO, Statistics Division | Estimates are based on projected values | Estimated data | 2018-2020"
SDGB,SDG Indicators,242,Fiji,6121,Value,SN_ITK_DEFC,2.1.1 Prevalence of undernourishment (%),2019,2019,%,5.6,_,,"Global | FAO, Statistics Division | Estimates are based on projected values | Estimated data | 2018-2020"
SDGB,SDG Indicators,246,Finland,6121,Value,SN_ITK_DEFC,2.1.1 Prevalence of undernourishment (%),2019,2019,%,2.5,_,,"Global | FAO, Statistics Division | Estimates are based on projected values | Estimated data | 2018-2020"
SDGB,SDG Indicators,250,France,6121,Value,SN_ITK_DEFC,2.1.1 Prevalence of undernourishment (%),2019,2019,%,2.5,_,,"Global | FAO, Statistics Division | Estimates are based on projected values | Estimated data | 2018-2020"
SDGB,SDG Indicators,254,French Guyana,6121,Value,SN_ITK_DEFC,2.1.1 Prevalence of undernourishment (%),2019,2019,%,NaN,_,,"Global | FAO, Statistics Division | Estimates are based on projected values | Estimated data | 2018-2020"
SDGB,SDG Indicators,258,French Polynesia,6121,Value,SN_ITK_DEFC,2.1.1 Prevalence of undernourishment (%),2019,2019,%,3.8,_,,"Global | FAO, Statistics Division | Estimates are based on projected values | Estimated data | 2018-2020"
SDGB,SDG Indicators,260,French Southern Territories,6121,Value,SN_ITK_DEFC,2.1.1 Prevalence of undernourishment (%),2019,2019,%,NaN,_,,"Global | FAO, Statistics Division | Estimates are based on projected values | Estimated data | 2018-2020"
SDGB,SDG Indicators,266,Gabon,6121,Value,SN_ITK_DEFC,2.1.1 Prevalence of undernourishment (%),2019,2019,%,15.7,_,,"Global | FAO, Statistics Division | Estimates are based on projected values | Estimated data | 2018-2020"
SDGB,SDG Indicators,270,Gambia,6121,Value,SN_ITK_DEFC,2.1.1 Prevalence of undernourishment (%),2019,2019,%,13.6,_,,"Global | FAO, Statistics Division | Estimates are based on projected values | Estimated data | 2018-2020"
SDGB,SDG Indicators,268,Georgia,6121,Value,SN_ITK_DEFC,2.1.1 Prevalence of undernourishment (%),2019,2019,%,8.7,_,,"Global | FAO, Statistics Division | Estimates are based on projected values | Estimated data | 2018-2020"
SDGB,SDG Indicators,276,Germany,6121,Value,SN_ITK_DEFC,2.1.1 Prevalence of undernourishment (%),2019,2019,%,2.5,_,,"Global | FAO, Statistics Division | Estimates are based on projected values | Estimated data | 2018-2020"
SDGB,SDG Indicators,288,Ghana,6121,Value,SN_ITK_DEFC,2.1.1 Prevalence of undernourishment (%),2019,2019,%,6.1,_,,"Global | FAO, Statistics Division | Estimates are based on projected values | Estimated data | 2018-2020"
SDGB,SDG Indicators,292,Gibraltar,6121,Value,SN_ITK_DEFC,2.1.1 Prevalence of undernourishment (%),2019,2019,%,NaN,_,,"Global | FAO, Statistics Division | Estimates are based on projected values | Estimated data | 2018-2020"
SDGB,SDG Indicators,300,Greece,6121,Value,SN_ITK_DEFC,2.1.1 Prevalence of undernourishment (%),2019,2019,%,2.5,_,,"Global | FAO, Statistics Division | Estimates are based on projected values | Estimated data | 2018-2020"
SDGB,SDG Indicators,304,Greenland,6121,Value,SN_ITK_DEFC,2.1.1 Prevalence of undernourishment (%),2019,2019,%,NaN,_,,"Global | FAO, Statistics Division | Estimates are based on projected values | Estimated data | 2018-2020"
SDGB,SDG Indicators,308,Grenada,6121,Value,SN_ITK_DEFC,2.1.1 Prevalence of undernourishment (%),2019,2019,%,NaN,_,,"Global | FAO, Statistics Division | Estimates are based on projected values | Estimated data | 2018-2020"
SDGB,SDG Indicators,312,Guadeloupe,6121,Value,SN_ITK_DEFC,2.1.1 Prevalence of undernourishment (%),2019,2019,%,NaN,_,,"Global | FAO, Statistics Division | Estimates are based on projected values | Estimated data | 2018-2020"
SDGB,SDG Indicators,316,Guam,6121,Value,SN_ITK_DEFC,2.1.1 Prevalence of undernourishment (%),2019,2019,%,NaN,_,,"Global | FAO, Statistics Division | Estimates are based on projected values | Estimated data | 2018-2020"
SDGB,SDG Indicators,320,Guatemala,6121,Value,SN_ITK_DEFC,2.1.1 Prevalence of undernourishment (%),2019,2019,%,16.8,_,,"Global | FAO, Statistics Division | Estimates are based on projected values | Estimated data | 2018-2020"
SDGB,SDG Indicators,831,Guernsey,6121,Value,SN_ITK_DEFC,2.1.1 Prevalence of undernourishment (%),2019,2019,%,NaN,_,,"Global | FAO, Statistics Division | Estimates are based on projected values | Estimated data | 2018-2020"
SDGB,SDG Indicators,324,Guinea,6121,Value,SN_ITK_DEFC,2.1.1 Prevalence of undernourishment (%),2019,2019,%,NaN,_,,"Global | FAO, Statistics Division | Estimates are based on projected values | Estimated data | 2018-2020"
SDGB,SDG Indicators,624,Guinea-Bissau,6121,Value,SN_ITK_DEFC,2.1.1 Prevalence of undernourishment (%),2019,2019,%,NaN,_,,"Global | FAO, Statistics Division | Estimates are based on projected values | Estimated data | 2018-2020"
SDGB,SDG Indicators,328,Guyana,6121,Value,SN_ITK_DEFC,2.1.1 Prevalence of undernourishment (%),2019,2019,%,5.2,_,,"Global | FAO, Statistics Division | Estimates are based on projected values | Estimated data | 2018-2020"
SDGB,SDG Indicators,332,Haiti,6121,Value,SN_ITK_DEFC,2.1.1 Prevalence of undernourishment (%),2019,2019,%,46.8,_,,"Global | FAO, Statistics Division | Estimates are based on projected values | Estimated data | 2018-2020"
SDGB,SDG Indicators,334,Heard and McDonald Islands,6121,Value,SN_ITK_DEFC,2.1.1 Prevalence of undernourishment (%),2019,2019,%,NaN,_,,"Global | FAO, Statistics Division | Estimates are based on projected values | Estimated data | 2018-2020"
SDGB,SDG Indicators,336,Holy See,6121,Value,SN_ITK_DEFC,2.1.1 Prevalence of undernourishment (%),2019,2019,%,NaN,_,,"Global | FAO, Statistics Division | Estimates are based on projected values | Estimated data | 2018-2020"
SDGB,SDG Indicators,340,Honduras,6121,Value,SN_ITK_DEFC,2.1.1 Prevalence of undernourishment (%),2019,2019,%,13.5,_,,"Global | FAO, Statistics Division | Estimates are based on projected values | Estimated data | 2018-2020"
SDGB,SDG Indicators,348,Hungary,6121,Value,SN_ITK_DEFC,2.1.1 Prevalence of undernourishment (%),2019,2019,%,2.5,_,,"Global | FAO, Statistics Division | Estimates are based on projected values | Estimated data | 2018-2020"
SDGB,SDG Indicators,352,Iceland,6121,Value,SN_ITK_DEFC,2.1.1 Prevalence of undernourishment (%),2019,2019,%,2.5,_,,"Global | FAO, Statistics Division | Estimates are based on projected values | Estimated data | 2018-2020"
SDGB,SDG Indicators,356,India,6121,Value,SN_ITK_DEFC,2.1.1 Prevalence of undernourishment (%),2019,2019,%,15.3,_,,"Global | FAO, Statistics Division | Estimates are based on projected values | Estimated data | 2018-2020"
SDGB,SDG Indicators,360,Indonesia,6121,Value,SN_ITK_DEFC,2.1.1 Prevalence of undernourishment (%),2019,2019,%,6.5,_,,"Global | FAO, Statistics Division | Estimates are based on projected values | Estimated data | 2018-2020"
SDGB,SDG Indicators,364,Iran (Islamic Republic of),6121,Value,SN_ITK_DEFC,2.1.1 Prevalence of undernourishment (%),2019,2019,%,5.5,_,,"Global | FAO, Statistics Division | Estimates are based on projected values | Estimated data | 2018-2020"
SDGB,SDG Indicators,368,Iraq,6121,Value,SN_ITK_DEFC,2.1.1 Prevalence of undernourishment (%),2019,2019,%,37.5,_,,"Global | FAO, Statistics Division | Estimates are based on projected values | Estimated data | 2018-2020"
SDGB,SDG Indicators,372,Ireland,6121,Value,SN_ITK_DEFC,2.1.1 Prevalence of undernourishment (%),2019,2019,%,2.5,_,,"Global | FAO, Statistics Division | Estimates are based on projected values | Estimated data | 2018-2020"
SDGB,SDG Indicators,833,Isle of Man,6121,Value,SN_ITK_DEFC,2.1.1 Prevalence of undernourishment (%),2019,2019,%,NaN,_,,"Global | FAO, Statistics Division | Estimates are based on projected values | Estimated data | 2018-2020"
SDGB,SDG Indicators,376,Israel,6121,Value,SN_ITK_DEFC,2.1.1 Prevalence of undernourishment (%),2019,2019,%,2.5,_,,"Global | FAO, Statistics Division | Estimates are based on projected values | Estimated data | 2018-2020"
SDGB,SDG Indicators,380,Italy,6121,Value,SN_ITK_DEFC,2.1.1 Prevalence of undernourishment (%),2019,2019,%,2.5,_,,"Global | FAO, Statistics Division | Estimates are based on projected values | Estimated data | 2018-2020"
SDGB,SDG Indicators,388,Jamaica,6121,Value,SN_ITK_DEFC,2.1.1 Prevalence of undernourishment (%),2019,2019,%,7.7,_,,"Global | FAO, Statistics Division | Estimates are based on projected values | Estimated data | 2018-2020"
SDGB,SDG Indicators,392,Japan,6121,Value,SN_ITK_DEFC,2.1.1 Prevalence of undernourishment (%),2019,2019,%,2.5,_,,"Global | FAO, Statistics Division | Estimates are based on projected values | Estimated data | 2018-2020"
SDGB,SDG Indicators,832,Jersey,6121,Value,SN_ITK_DEFC,2.1.1 Prevalence of undernourishment (%),2019,2019,%,NaN,_,,"Global | FAO, Statistics Division | Estimates are based on projected values | Estimated data | 2018-2020"
SDGB,SDG Indicators,400,Jordan,6121,Value,SN_ITK_DEFC,2.1.1 Prevalence of undernourishment (%),2019,2019,%,9.5,_,,"Global | FAO, Statistics Division | Estimates are based on projected values | Estimated data | 2018-2020"
SDGB,SDG Indicators,398,Kazakhstan,6121,Value,SN_ITK_DEFC,2.1.1 Prevalence of undernourishment (%),2019,2019,%,2.5,_,,"Global | FAO, Statistics Division | Estimates are based on projected values | Estimated data | 2018-2020"
SDGB,SDG Indicators,404,Kenya,6121,Value,SN_ITK_DEFC,2.1.1 Prevalence of undernourishment (%),2019,2019,%,24.8,_,,"Global | FAO, Statistics Division | Estimates are based on projected values | Estimated data | 2018-2020"
SDGB,SDG Indicators,296,Kiribati,6121,Value,SN_ITK_DEFC,2.1.1 Prevalence of undernourishment (%),2019,2019,%,4.1,_,,"Global | FAO, Statistics Division | Estimates are based on projected values | Estimated data | 2018-2020"
SDGB,SDG Indicators,414,Kuwait,6121,Value,SN_ITK_DEFC,2.1.1 Prevalence of undernourishment (%),2019,2019,%,2.5,_,,"Global | FAO, Statistics Division | Estimates are based on projected values | Estimated data | 2018-2020"
SDGB,SDG Indicators,417,Kyrgyzstan,6121,Value,SN_ITK_DEFC,2.1.1 Prevalence of undernourishment (%),2019,2019,%,7.2,_,,"Global | FAO, Statistics Division | Estimates are based on projected values | Estimated data | 2018-2020"
SDGB,SDG Indicators,418,Lao People's Democratic Republic,6121,Value,SN_ITK_DEFC,2.1.1 Prevalence of undernourishment (%),2019,2019,%,5.3,_,,"Global | FAO, Statistics Division | Estimates are based on projected values | Estimated data | 2018-2020"
SDGB,SDG Indicators,428,Latvia,6121,Value,SN_ITK_DEFC,2.1.1 Prevalence of undernourishment (%),2019,2019,%,2.5,_,,"Global | FAO, Statistics Division | Estimates are based on projected values | Estimated data | 2018-2020"
SDGB,SDG Indicators,422,Lebanon,6121,Value,SN_ITK_DEFC,2.1.1 Prevalence of undernourishment (%),2019,2019,%,9.3,_,,"Global | FAO, Statistics Division | Estimates are based on projected values | Estimated data | 2018-2020"
SDGB,SDG Indicators,426,Lesotho,6121,Value,SN_ITK_DEFC,2.1.1 Prevalence of undernourishment (%),2019,2019,%,23.5,_,,"Global | FAO, Statistics Division | Estimates are based on projected values | Estimated data | 2018-2020"
SDGB,SDG Indicators,430,Liberia,6121,Value,SN_ITK_DEFC,2.1.1 Prevalence of undernourishment (%),2019,2019,%,38.9,_,,"Global | FAO, Statistics Division | Estimates are based on projected values | Estimated data | 2018-2020"
SDGB,SDG Indicators,434,Libya,6121,Value,SN_ITK_DEFC,2.1.1 Prevalence of undernourishment (%),2019,2019,%,NaN,_,,"Global | FAO, Statistics Division | Estimates are based on projected values | Estimated data | 2018-2020"
SDGB,SDG Indicators,438,Liechtenstein,6121,Value,SN_ITK_DEFC,2.1.1 Prevalence of undernourishment (%),2019,2019,%,NaN,_,,"Global | FAO, Statistics Division | Estimates are based on projected values | Estimated data | 2018-2020"
SDGB,SDG Indicators,440,Lithuania,6121,Value,SN_ITK_DEFC,2.1.1 Prevalence of undernourishment (%),2019,2019,%,2.5,_,,"Global | FAO, Statistics Division | Estimates are based on projected values | Estimated data | 2018-2020"
SDGB,SDG Indicators,442,Luxembourg,6121,Value,SN_ITK_DEFC,2.1.1 Prevalence of undernourishment (%),2019,2019,%,2.5,_,,"Global | FAO, Statistics Division | Estimates are based on projected values | Estimated data | 2018-2020"
SDGB,SDG Indicators,450,Madagascar,6121,Value,SN_ITK_DEFC,2.1.1 Prevalence of undernourishment (%),2019,2019,%,43.2,_,,"Global | FAO, Statistics Division | Estimates are based on projected values | Estimated data | 2018-2020"
SDGB,SDG Indicators,454,Malawi,6121,Value,SN_ITK_DEFC,2.1.1 Prevalence of undernourishment (%),2019,2019,%,17.3,_,,"Global | FAO, Statistics Division | Estimates are based on projected values | Estimated data | 2018-2020"
SDGB,SDG Indicators,458,Malaysia,6121,Value,SN_ITK_DEFC,2.1.1 Prevalence of undernourishment (%),2019,2019,%,3.2,_,,"Global | FAO, Statistics Division | Estimates are based on projected values | Estimated data | 2018-2020"
SDGB,SDG Indicators,462,Maldives,6121,Value,SN_ITK_DEFC,2.1.1 Prevalence of undernourishment (%),2019,2019,%,NaN,_,,"Global | FAO, Statistics Division | Estimates are based on projected values | Estimated data | 2018-2020"
SDGB,SDG Indicators,466,Mali,6121,Value,SN_ITK_DEFC,2.1.1 Prevalence of undernourishment (%),2019,2019,%,10.4,_,,"Global | FAO, Statistics Division | Estimates are based on projected values | Estimated data | 2018-2020"
SDGB,SDG Indicators,470,Malta,6121,Value,SN_ITK_DEFC,2.1.1 Prevalence of undernourishment (%),2019,2019,%,2.5,_,,"Global | FAO, Statistics Division | Estimates are based on projected values | Estimated data | 2018-2020"
SDGB,SDG Indicators,584,Marshall Islands,6121,Value,SN_ITK_DEFC,2.1.1 Prevalence of undernourishment (%),2019,2019,%,NaN,_,,"Global | FAO, Statistics Division | Estimates are based on projected values | Estimated data | 2018-2020"
SDGB,SDG Indicators,474,Martinique,6121,Value,SN_ITK_DEFC,2.1.1 Prevalence of undernourishment (%),2019,2019,%,NaN,_,,"Global | FAO, Statistics Division | Estimates are based on projected values | Estimated data | 2018-2020"
SDGB,SDG Indicators,478,Mauritania,6121,Value,SN_ITK_DEFC,2.1.1 Prevalence of undernourishment (%),2019,2019,%,9.1,_,,"Global | FAO, Statistics Division | Estimates are based on projected values | Estimated data | 2018-2020"
SDGB,SDG Indicators,480,Mauritius,6121,Value,SN_ITK_DEFC,2.1.1 Prevalence of undernourishment (%),2019,2019,%,6.2,_,,"Global | FAO, Statistics Division | Estimates are based on projected values | Estimated data | 2018-2020"
SDGB,SDG Indicators,175,Mayotte,6121,Value,SN_ITK_DEFC,2.1.1 Prevalence of undernourishment (%),2019,2019,%,NaN,_,,"Global | FAO, Statistics Division | Estimates are based on projected values | Estimated data | 2018-2020"
SDGB,SDG Indicators,484,Mexico,6121,Value,SN_ITK_DEFC,2.1.1 Prevalence of undernourishment (%),2019,2019,%,7.2,_,,"Global | FAO, Statistics Division | Estimates are based on projected values | Estimated data | 2018-2020"
SDGB,SDG Indicators,583,Micronesia (Federated States of),6121,Value,SN_ITK_DEFC,2.1.1 Prevalence of undernourishment (%),2019,2019,%,NaN,_,,"Global | FAO, Statistics Division | Estimates are based on projected values | Estimated data | 2018-2020"
SDGB,SDG Indicators,492,Monaco,6121,Value,SN_ITK_DEFC,2.1.1 Prevalence of undernourishment (%),2019,2019,%,NaN,_,,"Global | FAO, Statistics Division | Estimates are based on projected values | Estimated data | 2018-2020"
SDGB,SDG Indicators,496,Mongolia,6121,Value,SN_ITK_DEFC,2.1.1 Prevalence of undernourishment (%),2019,2019,%,4.3,_,,"Global | FAO, Statistics Division | Estimates are based on projected values | Estimated data | 2018-2020"
SDGB,SDG Indicators,499,Montenegro,6121,Value,SN_ITK_DEFC,2.1.1 Prevalence of undernourishment (%),2019,2019,%,2.5,_,,"Global | FAO, Statistics Division | Estimates are based on projected values | Estimated data | 2018-2020"
SDGB,SDG Indicators,500,Montserrat,6121,Value,SN_ITK_DEFC,2.1.1 Prevalence of undernourishment (%),2019,2019,%,NaN,_,,"Global | FAO, Statistics Division | Estimates are based on projected values | Estimated data | 2018-2020"
SDGB,SDG Indicators,504,Morocco,6121,Value,SN_ITK_DEFC,2.1.1 Prevalence of undernourishment (%),2019,2019,%,4.2,_,,"Global | FAO, Statistics Division | Estimates are based on projected values | Estimated data | 2018-2020"
SDGB,SDG Indicators,508,Mozambique,6121,Value,SN_ITK_DEFC,2.1.1 Prevalence of undernourishment (%),2019,2019,%,31.2,_,,"Global | FAO, Statistics Division | Estimates are based on projected values | Estimated data | 2018-2020"
SDGB,SDG Indicators,104,Myanmar,6121,Value,SN_ITK_DEFC,2.1.1 Prevalence of undernourishment (%),2019,2019,%,7.6,_,,"Global | FAO, Statistics Division | Estimates are based on projected values | Estimated data | 2018-2020"
SDGB,SDG Indicators,516,Namibia,6121,Value,SN_ITK_DEFC,2.1.1 Prevalence of undernourishment (%),2019,2019,%,19.8,_,,"Global | FAO, Statistics Division | Estimates are based on projected values | Estimated data | 2018-2020"
SDGB,SDG Indicators,520,Nauru,6121,Value,SN_ITK_DEFC,2.1.1 Prevalence of undernourishment (%),2019,2019,%,NaN,_,,"Global | FAO, Statistics Division | Estimates are based on projected values | Estimated data | 2018-2020"
SDGB,SDG Indicators,524,Nepal,6121,Value,SN_ITK_DEFC,2.1.1 Prevalence of undernourishment (%),2019,2019,%,4.8,_,,"Global | FAO, Statistics Division | Estimates are based on projected values | Estimated data | 2018-2020"
SDGB,SDG Indicators,528,Netherlands,6121,Value,SN_ITK_DEFC,2.1.1 Prevalence of undernourishment (%),2019,2019,%,2.5,_,,"Global | FAO, Statistics Division | Estimates are based on projected values | Estimated data | 2018-2020"
SDGB,SDG Indicators,540,New Caledonia,6121,Value,SN_ITK_DEFC,2.1.1 Prevalence of undernourishment (%),2019,2019,%,6.9,_,,"Global | FAO, Statistics Division | Estimates are based on projected values | Estimated data | 2018-2020"
SDGB,SDG Indicators,554,New Zealand,6121,Value,SN_ITK_DEFC,2.1.1 Prevalence of undernourishment (%),2019,2019,%,2.5,_,,"Global | FAO, Statistics Division | Estimates are based on projected values | Estimated data | 2018-2020"
SDGB,SDG Indicators,558,Nicaragua,6121,Value,SN_ITK_DEFC,2.1.1 Prevalence of undernourishment (%),2019,2019,%,19.3,_,,"Global | FAO, Statistics Division | Estimates are based on projected values | Estimated data | 2018-2020"
SDGB,SDG Indicators,562,Niger,6121,Value,SN_ITK_DEFC,2.1.1 Prevalence of undernourishment (%),2019,2019,%,NaN,_,,"Global | FAO, Statistics Division | Estimates are based on projected values | Estimated data | 2018-2020"
SDGB,SDG Indicators,566,Nigeria,6121,Value,SN_ITK_DEFC,2.1.1 Prevalence of undernourishment (%),2019,2019,%,14.6,_,,"Global | FAO, Statistics Division | Estimates are based on projected values | Estimated data | 2018-2020"
SDGB,SDG Indicators,570,Niue,6121,Value,SN_ITK_DEFC,2.1.1 Prevalence of undernourishment (%),2019,2019,%,NaN,_,,"Global | FAO, Statistics Division | Estimates are based on projected values | Estimated data | 2018-2020"
SDGB,SDG Indicators,574,Norfolk Island,6121,Value,SN_ITK_DEFC,2.1.1 Prevalence of undernourishment (%),2019,2019,%,NaN,_,,"Global | FAO, Statistics Division | Estimates are based on projected values | Estimated data | 2018-2020"
SDGB,SDG Indicators,807,North Macedonia,6121,Value,SN_ITK_DEFC,2.1.1 Prevalence of undernourishment (%),2019,2019,%,2.7,_,,"Global | FAO, Statistics Division | Estimates are based on projected values | Estimated data | 2018-2020"
SDGB,SDG Indicators,580,Northern Mariana Islands,6121,Value,SN_ITK_DEFC,2.1.1 Prevalence of undernourishment (%),2019,2019,%,NaN,_,,"Global | FAO, Statistics Division | Estimates are based on projected values | Estimated data | 2018-2020"
SDGB,SDG Indicators,578,Norway,6121,Value,SN_ITK_DEFC,2.1.1 Prevalence of undernourishment (%),2019,2019,%,2.5,_,,"Global | FAO, Statistics Division | Estimates are based on projected values | Estimated data | 2018-2020"
SDGB,SDG Indicators,512,Oman,6121,Value,SN_ITK_DEFC,2.1.1 Prevalence of undernourishment (%),2019,2019,%,8.2,_,,"Global | FAO, Statistics Division | Estimates are based on projected values | Estimated data | 2018-2020"
SDGB,SDG Indicators,586,Pakistan,6121,Value,SN_ITK_DEFC,2.1.1 Prevalence of undernourishment (%),2019,2019,%,12.9,_,,"Global | FAO, Statistics Division | Estimates are based on projected values | Estimated data | 2018-2020"
SDGB,SDG Indicators,585,Palau,6121,Value,SN_ITK_DEFC,2.1.1 Prevalence of undernourishment (%),2019,2019,%,NaN,_,,"Global | FAO, Statistics Division | Estimates are based on projected values | Estimated data | 2018-2020"
SDGB,SDG Indicators,275,Palestine,6121,Value,SN_ITK_DEFC,2.1.1 Prevalence of undernourishment (%),2019,2019,%,NaN,_,,"Global | FAO, Statistics Division | Estimates are based on projected values | Estimated data | 2018-2020"
SDGB,SDG Indicators,591,Panama,6121,Value,SN_ITK_DEFC,2.1.1 Prevalence of undernourishment (%),2019,2019,%,7.5,_,,"Global | FAO, Statistics Division | Estimates are based on projected values | Estimated data | 2018-2020"
SDGB,SDG Indicators,598,Papua New Guinea,6121,Value,SN_ITK_DEFC,2.1.1 Prevalence of undernourishment (%),2019,2019,%,24.6,_,,"Global | FAO, Statistics Division | Estimates are based on projected values | Estimated data | 2018-2020"
SDGB,SDG Indicators,600,Paraguay,6121,Value,SN_ITK_DEFC,2.1.1 Prevalence of undernourishment (%),2019,2019,%,9.2,_,,"Global | FAO, Statistics Division | Estimates are based on projected values | Estimated data | 2018-2020"
SDGB,SDG Indicators,604,Peru,6121,Value,SN_ITK_DEFC,2.1.1 Prevalence of undernourishment (%),2019,2019,%,8.7,_,,"Global | FAO, Statistics Division | Estimates are based on projected values | Estimated data | 2018-2020"
SDGB,SDG Indicators,608,Philippines,6121,Value,SN_ITK_DEFC,2.1.1 Prevalence of undernourishment (%),2019,2019,%,9.4,_,,"Global | FAO, Statistics Division | Estimates are based on projected values | Estimated data | 2018-2020"
SDGB,SDG Indicators,612,Pitcairn,6121,Value,SN_ITK_DEFC,2.1.1 Prevalence of undernourishment (%),2019,2019,%,NaN,_,,"Global | FAO, Statistics Division | Estimates are based on projected values | Estimated data | 2018-2020"
SDGB,SDG Indicators,616,Poland,6121,Value,SN_ITK_DEFC,2.1.1 Prevalence of undernourishment (%),2019,2019,%,2.5,_,,"Global | FAO, Statistics Division | Estimates are based on projected values | Estimated data | 2018-2020"
SDGB,SDG Indicators,620,Portugal,6121,Value,SN_ITK_DEFC,2.1.1 Prevalence of undernourishment (%),2019,2019,%,2.5,_,,"Global | FAO, Statistics Division | Estimates are based on projected values | Estimated data | 2018-2020"
SDGB,SDG Indicators,630,Puerto Rico,6121,Value,SN_ITK_DEFC,2.1.1 Prevalence of undernourishment (%),2019,2019,%,NaN,_,,"Global | FAO, Statistics Division | Estimates are based on projected values | Estimated data | 2018-2020"
SDGB,SDG Indicators,634,Qatar,6121,Value,SN_ITK_DEFC,2.1.1 Prevalence of undernourishment (%),2019,2019,%,NaN,_,,"Global | FAO, Statistics Division | Estimates are based on projected values | Estimated data | 2018-2020"
SDGB,SDG Indicators,410,Republic of Korea,6121,Value,SN_ITK_DEFC,2.1.1 Prevalence of undernourishment (%),2019,2019,%,2.5,_,,"Global | FAO, Statistics Division | Estimates are based on projected values | Estimated data | 2018-2020"
SDGB,SDG Indicators,498,Republic of Moldova,6121,Value,SN_ITK_DEFC,2.1.1 Prevalence of undernourishment (%),2019,2019,%,NaN,_,,"Global | FAO, Statistics Division | Estimates are based on projected values | Estimated data | 2018-2020"
SDGB,SDG Indicators,638,Réunion,6121,Value,SN_ITK_DEFC,2.1.1 Prevalence of undernourishment (%),2019,2019,%,NaN,_,,"Global | FAO, Statistics Division | Estimates are based on projected values | Estimated data | 2018-2020"
SDGB,SDG Indicators,642,Romania,6121,Value,SN_ITK_DEFC,2.1.1 Prevalence of undernourishment (%),2019,2019,%,2.5,_,,"Global | FAO, Statistics Division | Estimates are based on projected values | Estimated data | 2018-2020"
SDGB,SDG Indicators,643,Russian Federation,6121,Value,SN_ITK_DEFC,2.1.1 Prevalence of undernourishment (%),2019,2019,%,2.5,_,,"Global | FAO, Statistics Division | Estimates are based on projected values | Estimated data | 2018-2020"
SDGB,SDG Indicators,646,Rwanda,6121,Value,SN_ITK_DEFC,2.1.1 Prevalence of undernourishment (%),2019,2019,%,35.2,_,,"Global | FAO, Statistics Division | Estimates are based on projected values | Estimated data | 2018-2020"
SDGB,SDG Indicators,652,Saint Barthélemy,6121,Value,SN_ITK_DEFC,2.1.1 Prevalence of undernourishment (%),2019,2019,%,NaN,_,,"Global | FAO, Statistics Division | Estimates are based on projected values | Estimated data | 2018-2020"
SDGB,SDG Indicators,654,"Saint Helena, Ascension and Tristan da Cunha",6121,Value,SN_ITK_DEFC,2.1.1 Prevalence of undernourishment (%),2019,2019,%,NaN,_,,"Global | FAO, Statistics Division | Estimates are based on projected values | Estimated data | 2018-2020"
SDGB,SDG Indicators,659,Saint Kitts and Nevis,6121,Value,SN_ITK_DEFC,2.1.1 Prevalence of undernourishment (%),2019,2019,%,NaN,_,,"Global | FAO, Statistics Division | Estimates are based on projected values | Estimated data | 2018-2020"
SDGB,SDG Indicators,662,Saint Lucia,6121,Value,SN_ITK_DEFC,2.1.1 Prevalence of undernourishment (%),2019,2019,%,NaN,_,,"Global | FAO, Statistics Division | Estimates are based on projected values | Estimated data | 2018-2020"
SDGB,SDG Indicators,666,Saint Pierre and Miquelon,6121,Value,SN_ITK_DEFC,2.1.1 Prevalence of undernourishment (%),2019,2019,%,NaN,_,,"Global | FAO, Statistics Division | Estimates are based on projected values | Estimated data | 2018-2020"
SDGB,SDG Indicators,670,Saint Vincent and the Grenadines,6121,Value,SN_ITK_DEFC,2.1.1 Prevalence of undernourishment (%),2019,2019,%,5.6,_,,"Global | FAO, Statistics Division | Estimates are based on projected values | Estimated data | 2018-2020"
SDGB,SDG Indicators,663,Saint-Martin (French part),6121,Value,SN_ITK_DEFC,2.1.1 Prevalence of undernourishment (%),2019,2019,%,NaN,_,,"Global | FAO, Statistics Division | Estimates are based on projected values | Estimated data | 2018-2020"
SDGB,SDG Indicators,882,Samoa,6121,Value,SN_ITK_DEFC,2.1.1 Prevalence of undernourishment (%),2019,2019,%,4.6,_,,"Global | FAO, Statistics Division | Estimates are based on projected values | Estimated data | 2018-2020"
SDGB,SDG Indicators,674,San Marino,6121,Value,SN_ITK_DEFC,2.1.1 Prevalence of undernourishment (%),2019,2019,%,NaN,_,,"Global | FAO, Statistics Division | Estimates are based on projected values | Estimated data | 2018-2020"
SDGB,SDG Indicators,678,Sao Tome and Principe,6121,Value,SN_ITK_DEFC,2.1.1 Prevalence of undernourishment (%),2019,2019,%,11.9,_,,"Global | FAO, Statistics Division | Estimates are based on projected values | Estimated data | 2018-2020"
SDGB,SDG Indicators,682,Saudi Arabia,6121,Value,SN_ITK_DEFC,2.1.1 Prevalence of undernourishment (%),2019,2019,%,3.9,_,,"Global | FAO, Statistics Division | Estimates are based on projected values | Estimated data | 2018-2020"
SDGB,SDG Indicators,686,Senegal,6121,Value,SN_ITK_DEFC,2.1.1 Prevalence of undernourishment (%),2019,2019,%,7.5,_,,"Global | FAO, Statistics Division | Estimates are based on projected values | Estimated data | 2018-2020"
SDGB,SDG Indicators,688,Serbia,6121,Value,SN_ITK_DEFC,2.1.1 Prevalence of undernourishment (%),2019,2019,%,3.9,_,,"Global | FAO, Statistics Division | Estimates are based on projected values | Estimated data | 2018-2020"
SDGB,SDG Indicators,690,Seychelles,6121,Value,SN_ITK_DEFC,2.1.1 Prevalence of undernourishment (%),2019,2019,%,NaN,_,,"Global | FAO, Statistics Division | Estimates are based on projected values | Estimated data | 2018-2020"
SDGB,SDG Indicators,694,Sierra Leone,6121,Value,SN_ITK_DEFC,2.1.1 Prevalence of undernourishment (%),2019,2019,%,26.2,_,,"Global | FAO, Statistics Division | Estimates are based on projected values | Estimated data | 2018-2020"
SDGB,SDG Indicators,702,Singapore,6121,Value,SN_ITK_DEFC,2.1.1 Prevalence of undernourishment (%),2019,2019,%,NaN,_,,"Global | FAO, Statistics Division | Estimates are based on projected values | Estimated data | 2018-2020"
SDGB,SDG Indicators,534,Sint Maarten (Dutch part),6121,Value,SN_ITK_DEFC,2.1.1 Prevalence of undernourishment (%),2019,2019,%,NaN,_,,"Global | FAO, Statistics Division | Estimates are based on projected values | Estimated data | 2018-2020"
SDGB,SDG Indicators,703,Slovakia,6121,Value,SN_ITK_DEFC,2.1.1 Prevalence of undernourishment (%),2019,2019,%,4,_,,"Global | FAO, Statistics Division | Estimates are based on projected values | Estimated data | 2018-2020"
SDGB,SDG Indicators,705,Slovenia,6121,Value,SN_ITK_DEFC,2.1.1 Prevalence of undernourishment (%),2019,2019,%,2.5,_,,"Global | FAO, Statistics Division | Estimates are based on projected values | Estimated data | 2018-2020"
SDGB,SDG Indicators,90,Solomon Islands,6121,Value,SN_ITK_DEFC,2.1.1 Prevalence of undernourishment (%),2019,2019,%,16.5,_,,"Global | FAO, Statistics Division | Estimates are based on projected values | Estimated data | 2018-2020"
SDGB,SDG Indicators,706,Somalia,6121,Value,SN_ITK_DEFC,2.1.1 Prevalence of undernourishment (%),2019,2019,%,59.5,_,,"Global | FAO, Statistics Division | Estimates are based on projected values | Estimated data | 2018-2020"
SDGB,SDG Indicators,710,South Africa,6121,Value,SN_ITK_DEFC,2.1.1 Prevalence of undernourishment (%),2019,2019,%,6.5,_,,"Global | FAO, Statistics Division | Estimates are based on projected values | Estimated data | 2018-2020"
SDGB,SDG Indicators,239,South Georgia and the South Sandwich Islands,6121,Value,SN_ITK_DEFC,2.1.1 Prevalence of undernourishment (%),2019,2019,%,NaN,_,,"Global | FAO, Statistics Division | Estimates are based on projected values | Estimated data | 2018-2020"
SDGB,SDG Indicators,728,South Sudan,6121,Value,SN_ITK_DEFC,2.1.1 Prevalence of undernourishment (%),2019,2019,%,NaN,_,,"Global | FAO, Statistics Division | Estimates are based on projected values | Estimated data | 2018-2020"
SDGB,SDG Indicators,724,Spain,6121,Value,SN_ITK_DEFC,2.1.1 Prevalence of undernourishment (%),2019,2019,%,2.5,_,,"Global | FAO, Statistics Division | Estimates are based on projected values | Estimated data | 2018-2020"
SDGB,SDG Indicators,144,Sri Lanka,6121,Value,SN_ITK_DEFC,2.1.1 Prevalence of undernourishment (%),2019,2019,%,6.8,_,,"Global | FAO, Statistics Division | Estimates are based on projected values | Estimated data | 2018-2020"
SDGB,SDG Indicators,729,Sudan,6121,Value,SN_ITK_DEFC,2.1.1 Prevalence of undernourishment (%),2019,2019,%,12.3,_,,"Global | FAO, Statistics Division | Estimates are based on projected values | Estimated data | 2018-2020"
SDGB,SDG Indicators,740,Suriname,6121,Value,SN_ITK_DEFC,2.1.1 Prevalence of undernourishment (%),2019,2019,%,8.7,_,,"Global | FAO, Statistics Division | Estimates are based on projected values | Estimated data | 2018-2020"
SDGB,SDG Indicators,744,Svalbard and Jan Mayen Islands,6121,Value,SN_ITK_DEFC,2.1.1 Prevalence of undernourishment (%),2019,2019,%,NaN,_,,"Global | FAO, Statistics Division | Estimates are based on projected values | Estimated data | 2018-2020"
SDGB,SDG Indicators,752,Sweden,6121,Value,SN_ITK_DEFC,2.1.1 Prevalence of undernourishment (%),2019,2019,%,2.5,_,,"Global | FAO, Statistics Division | Estimates are based on projected values | Estimated data | 2018-2020"
SDGB,SDG Indicators,756,Switzerland,6121,Value,SN_ITK_DEFC,2.1.1 Prevalence of undernourishment (%),2019,2019,%,2.5,_,,"Global | FAO, Statistics Division | Estimates are based on projected values | Estimated data | 2018-2020"
SDGB,SDG Indicators,760,Syrian Arab Republic,6121,Value,SN_ITK_DEFC,2.1.1 Prevalence of undernourishment (%),2019,2019,%,NaN,_,,"Global | FAO, Statistics Division | Estimates are based on projected values | Estimated data | 2018-2020"
SDGB,SDG Indicators,762,Tajikistan,6121,Value,SN_ITK_DEFC,2.1.1 Prevalence of undernourishment (%),2019,2019,%,NaN,_,,"Global | FAO, Statistics Division | Estimates are based on projected values | Estimated data | 2018-2020"
SDGB,SDG Indicators,764,Thailand,6121,Value,SN_ITK_DEFC,2.1.1 Prevalence of undernourishment (%),2019,2019,%,8.2,_,,"Global | FAO, Statistics Division | Estimates are based on projected values | Estimated data | 2018-2020"
SDGB,SDG Indicators,626,Timor-Leste,6121,Value,SN_ITK_DEFC,2.1.1 Prevalence of undernourishment (%),2019,2019,%,22.6,_,,"Global | FAO, Statistics Division | Estimates are based on projected values | Estimated data | 2018-2020"
SDGB,SDG Indicators,768,Togo,6121,Value,SN_ITK_DEFC,2.1.1 Prevalence of undernourishment (%),2019,2019,%,20.4,_,,"Global | FAO, Statistics Division | Estimates are based on projected values | Estimated data | 2018-2020"
SDGB,SDG Indicators,772,Tokelau,6121,Value,SN_ITK_DEFC,2.1.1 Prevalence of undernourishment (%),2019,2019,%,NaN,_,,"Global | FAO, Statistics Division | Estimates are based on projected values | Estimated data | 2018-2020"
SDGB,SDG Indicators,776,Tonga,6121,Value,SN_ITK_DEFC,2.1.1 Prevalence of undernourishment (%),2019,2019,%,NaN,_,,"Global | FAO, Statistics Division | Estimates are based on projected values | Estimated data | 2018-2020"
SDGB,SDG Indicators,780,Trinidad and Tobago,6121,Value,SN_ITK_DEFC,2.1.1 Prevalence of undernourishment (%),2019,2019,%,6.7,_,,"Global | FAO, Statistics Division | Estimates are based on projected values | Estimated data | 2018-2020"
SDGB,SDG Indicators,788,Tunisia,6121,Value,SN_ITK_DEFC,2.1.1 Prevalence of undernourishment (%),2019,2019,%,3,_,,"Global | FAO, Statistics Division | Estimates are based on projected values | Estimated data | 2018-2020"
SDGB,SDG Indicators,792,Türkiye,6121,Value,SN_ITK_DEFC,2.1.1 Prevalence of undernourishment (%),2019,2019,%,2.5,_,,"Global | FAO, Statistics Division | Estimates are based on projected values | Estimated data | 2018-2020"
SDGB,SDG Indicators,795,Turkmenistan,6121,Value,SN_ITK_DEFC,2.1.1 Prevalence of undernourishment (%),2019,2019,%,4.1,_,,"Global | FAO, Statistics Division | Estimates are based on projected values | Estimated data | 2018-2020"
SDGB,SDG Indicators,796,Turks and Caicos Islands,6121,Value,SN_ITK_DEFC,2.1.1 Prevalence of undernourishment (%),2019,2019,%,NaN,_,,"Global | FAO, Statistics Division | Estimates are based on projected values | Estimated data | 2018-2020"
SDGB,SDG Indicators,798,Tuvalu,6121,Value,SN_ITK_DEFC,2.1.1 Prevalence of undernourishment (%),2019,2019,%,NaN,_,,"Global | FAO, Statistics Division | Estimates are based on projected values | Estimated data | 2018-2020"
SDGB,SDG Indicators,800,Uganda,6121,Value,SN_ITK_DEFC,2.1.1 Prevalence of undernourishment (%),2019,2019,%,NaN,_,,"Global | FAO, Statistics Division | Estimates are based on projected values | Estimated data | 2018-2020"
SDGB,SDG Indicators,804,Ukraine,6121,Value,SN_ITK_DEFC,2.1.1 Prevalence of undernourishment (%),2019,2019,%,2.5,_,,"Global | FAO, Statistics Division | Estimates are based on projected values | Estimated data | 2018-2020"
SDGB,SDG Indicators,784,United Arab Emirates,6121,Value,SN_ITK_DEFC,2.1.1 Prevalence of undernourishment (%),2019,2019,%,3.7,_,,"Global | FAO, Statistics Division | Estimates are based on projected values | Estimated data | 2018-2020"
SDGB,SDG Indicators,826,United Kingdom of Great Britain and Northern Ireland,6121,Value,SN_ITK_DEFC,2.1.1 Prevalence of undernourishment (%),2019,2019,%,2.5,_,,"Global | FAO, Statistics Division | Estimates are based on projected values | Estimated data | 2018-2020"
SDGB,SDG Indicators,834,United Republic of Tanzania,6121,Value,SN_ITK_DEFC,2.1.1 Prevalence of undernourishment (%),2019,2019,%,25.1,_,,"Global | FAO, Statistics Division | Estimates are based on projected values | Estimated data | 2018-2020"
SDGB,SDG Indicators,581,United States Minor Outlying Islands,6121,Value,SN_ITK_DEFC,2.1.1 Prevalence of undernourishment (%),2019,2019,%,NaN,_,,"Global | FAO, Statistics Division | Estimates are based on projected values | Estimated data | 2018-2020"
SDGB,SDG Indicators,840,United States of America,6121,Value,SN_ITK_DEFC,2.1.1 Prevalence of undernourishment (%),2019,2019,%,2.5,_,,"Global | FAO, Statistics Division | Estimates are based on projected values | Estimated data | 2018-2020"
SDGB,SDG Indicators,850,United States Virgin Islands,6121,Value,SN_ITK_DEFC,2.1.1 Prevalence of undernourishment (%),2019,2019,%,NaN,_,,"Global | FAO, Statistics Division | Estimates are based on projected values | Estimated data | 2018-2020"
SDGB,SDG Indicators,858,Uruguay,6121,Value,SN_ITK_DEFC,2.1.1 Prevalence of undernourishment (%),2019,2019,%,2.5,_,,"Global | FAO, Statistics Division | Estimates are based on projected values | Estimated data | 2018-2020"
SDGB,SDG Indicators,860,Uzbekistan,6121,Value,SN_ITK_DEFC,2.1.1 Prevalence of undernourishment (%),2019,2019,%,2.5,_,,"Global | FAO, Statistics Division | Estimates are based on projected values | Estimated data | 2018-2020"
SDGB,SDG Indicators,548,Vanuatu,6121,Value,SN_ITK_DEFC,2.1.1 Prevalence of undernourishment (%),2019,2019,%,9.3,_,,"Global | FAO, Statistics Division | Estimates are based on projected values | Estimated data | 2018-2020"
SDGB,SDG Indicators,862,Venezuela (Bolivarian Republic of),6121,Value,SN_ITK_DEFC,2.1.1 Prevalence of undernourishment (%),2019,2019,%,27.4,_,,"Global | FAO, Statistics Division | Estimates are based on projected values | Estimated data | 2018-2020"
SDGB,SDG Indicators,704,Viet Nam,6121,Value,SN_ITK_DEFC,2.1.1 Prevalence of undernourishment (%),2019,2019,%,6.7,_,,"Global | FAO, Statistics Division | Estimates are based on projected values | Estimated data | 2018-2020"
SDGB,SDG Indicators,876,Wallis and Futuna Islands,6121,Value,SN_ITK_DEFC,2.1.1 Prevalence of undernourishment (%),2019,2019,%,NaN,_,,"Global | FAO, Statistics Division | Estimates are based on projected values | Estimated data | 2018-2020"
SDGB,SDG Indicators,732,Western Sahara,6121,Value,SN_ITK_DEFC,2.1.1 Prevalence of undernourishment (%),2019,2019,%,NaN,_,,"Global | FAO, Statistics Division | Estimates are based on projected values | Estimated data | 2018-2020"
SDGB,SDG Indicators,887,Yemen,6121,Value,SN_ITK_DEFC,2.1.1 Prevalence of undernourishment (%),2019,2019,%,45.4,_,,"Global | FAO, Statistics Division | Estimates are based on projected values | Estimated data | 2018-2020"
SDGB,SDG Indicators,894,Zambia,6121,Value,SN_ITK_DEFC,2.1.1 Prevalence of undernourishment (%),2019,2019,%,NaN,_,,"Global | FAO, Statistics Division | Estimates are based on projected values | Estimated data | 2018-2020"
SDGB,SDG Indicators,716,Zimbabwe,6121,Value,SN_ITK_DEFC,2.1.1 Prevalence of undernourishment (%),2019,2019,%,NaN,_,,"Global | FAO, Statistics Division | Estimates are based on projected values | Estimated data | 2018-2020"
